<?xml version="1.0" encoding="UTF-8" standalone="no"?><TaskList Version="2.0"><Task Active="false" ConnectorKind="local" CreationDate="2011-04-03 09:20:00.336 CEST" DueDate="" EndDate="" Estimated="0" Handle="local-4" IssueURL="" Kind="task" Label="brainstorming" LastModified="now" MarkReadPending="false" ModificationDate="" Notes="exception / errorhandling&#10;- raise exception on click&#10;- manipulate conversation-timeout on click (possible?)&#10;&#10;GUI&#10;- use tag-cloud element of primefaces&#10;- work on better layout&#10;&#10;Bugs&#10;x seperate global from local messages&#10;&#10;logger injection&#10;" NotifiedIncoming="true" Owner="local" Priority="P3" Reminded="false" RepositoryUrl="local" ScheduledEndDate="2011-04-03 23:59:59.999 CEST" ScheduledStartDate="2011-03-28 00:00:00.0 CEST" Stale="false" TaskId="4" offlineSyncState="SYNCHRONIZED"/><Task Active="false" ConnectorKind="local" CreationDate="2011-04-01 07:22:31.9 CEST" DueDate="" EndDate="" Estimated="0" Handle="local-3" IssueURL="" Kind="task" Label="UC: sort via home page" LastModified="now" MarkReadPending="false" ModificationDate="" Notes="(1) click on calendar&#10;-&gt; todos are sorted according to chosen date&#10;&#10;(2) click on tag-cloud&#10;-&gt; todos are sorted according to chosen tag (and date) " NotifiedIncoming="true" Owner="local" Priority="P3" Reminded="false" RepositoryUrl="local" ScheduledEndDate="2011-04-03 23:59:59.999 CEST" ScheduledStartDate="2011-03-28 00:00:00.0 CEST" Stale="false" TaskId="3" offlineSyncState="SYNCHRONIZED"/><Task Active="false" ConnectorKind="local" CreationDate="2011-04-01 07:22:08.984 CEST" DueDate="" EndDate="" Estimated="0" Handle="local-2" IssueURL="" Kind="task" Label="UC: edit todo" LastModified="now" MarkReadPending="false" ModificationDate="" Notes="open" NotifiedIncoming="true" Owner="local" Priority="P3" Reminded="false" RepositoryUrl="local" ScheduledEndDate="2011-04-03 23:59:59.999 CEST" ScheduledStartDate="2011-03-28 00:00:00.0 CEST" Stale="false" TaskId="2" offlineSyncState="SYNCHRONIZED"/><Task Active="false" ConnectorKind="local" CreationDate="2011-04-01 07:18:50.47 CEST" DueDate="" EndDate="2011-04-03 15:25:19.446 CEST" Estimated="0" Handle="local-1" IssueURL="" Kind="task" Label="UC: create new todo" LastModified="now" MarkReadPending="false" ModificationDate="" Notes="(1) create todo (from main navigation)&#10;- fill todo fields&#10;- press &quot;attach tags&quot;&#10;&#10;(2) attach tags&#10;- choose tags from list&#10;- press save&#10;" NotifiedIncoming="true" Owner="local" Priority="P3" Reminded="false" RepositoryUrl="local" ScheduledEndDate="2011-04-03 23:59:59.999 CEST" ScheduledStartDate="2011-03-28 00:00:00.0 CEST" Stale="false" TaskId="1" offlineSyncState="SYNCHRONIZED"/><Task Active="false" ConnectorKind="local" CreationDate="2011-04-03 15:25:28.913 CEST" DueDate="" EndDate="" Estimated="0" Handle="local-5" IssueURL="" Kind="task" Label="UC: create new tag" LastModified="now" MarkReadPending="false" ModificationDate="" Notes="" NotifiedIncoming="true" Owner="local" Priority="P3" Reminded="false" RepositoryUrl="local" ScheduledEndDate="2011-04-03 23:59:59.999 CEST" ScheduledStartDate="2011-03-28 00:00:00.0 CEST" Stale="false" TaskId="5" offlineSyncState="SYNCHRONIZED"/><TaskCategory Handle="Uncategorized" Name="Uncategorized"><TaskReference Handle="local-4"/><TaskReference Handle="local-3"/><TaskReference Handle="local-2"/><TaskReference Handle="local-1"/><TaskReference Handle="local-5"/></TaskCategory></TaskList>